<?xml version="1.0" encoding="windows-1252"?>
<!--  This file conforms to the DTD xdc/bld/build.dtd -->
<package name="xconfig_uartecho" version="" producerId="undefined">
    <units>
    </units>
    <sources>
        <srcFile name="package/cfg/uartecho_pem4f.c"/>
    </sources>
    <configscripts>
        <srcFile name="C:/TI_RTOS/TM4C/Milestones/MSSS 2/uartecho.cfg"/>
    </configscripts>
    <makefiles>
        <srcFile name="package.mak" src="package.bld"/>
        <srcFile name="package/package.xdc.dep" src="package.xdc"/>
        <srcFile name="package/cfg/uartecho_pem4f.mak" src="package.bld"/>
        <srcFile name="package/cfg/uartecho_pem4f.oem4f.dep" src="package/cfg/uartecho_pem4f.c"/>
        <srcFile name="package/cfg/uartecho_pem4f.dep" src="package/cfg/uartecho_pem4f.cfg"/>
        <srcFile name="package/cfg/uartecho.xem4f.mak" src="package.bld"/>
        <srcFile name="package/rel/xconfig_uartecho.tar.dep" src="package/rel/xconfig_uartecho.xdc.inc"/>
    </makefiles>
    <targets>
        <target name="ti.targets.arm.elf.M4F"
            version="ti.targets.arm.elf.M4F{1,0,5.1,6"
            rawVersion="5.1.6"
            platform="ti.platforms.stellaris:LM4FSXLH5BB:1"
            isa="v7M4"
            suffix="em4f"
            rootDir="c:/ti/ccsv6/tools/compiler/arm_5.1.6"
            os="undefined"
            rts="ti.targets.arm.rtsarm">
            <model endian="little"
                codeModel="thumb2"
                dataModel="undefined"/>
        </target>
    </targets>
    <libraries>
    </libraries>
    <configurations>
    <configuration name="uartecho"
        pname="uartecho.pem4f"
        target="ti.targets.arm.elf.M4F"
        platform="ti.platforms.tiva:TM4C123GH6PM"
        profile="release"
        isPartial="false"
        xCfgScript="package/cfg/uartecho_pem4f.cfg"
        xCfgPrefix="package/cfg/uartecho_pem4f"
        cfgScript="C:/TI_RTOS/TM4C/Milestones/MSSS 2/uartecho.cfg"
        cfgArgs="null"
        />
    </configurations>
    <executables>
    <executable name="uartecho"
        pname="uartecho.xem4f"
        target="ti.targets.arm.elf.M4F"
        platform="ti.platforms.tiva:TM4C123GH6PM"
        profile="release"
        xCfgScript="package/cfg/uartecho_pem4f.cfg"
        xCfgPrefix="package/cfg/uartecho_pem4f"
        cfgScript="C:/TI_RTOS/TM4C/Milestones/MSSS 2/uartecho.cfg"
        cfgArgs="null"
        />
    </executables>
    <tests>
    <test exeName="uartecho.xem4f"
        args=""
        groupName="uartecho.xem4f"
        refOutput="undefined"
        refExitCode="0"
        execArgs=""
        />
    </tests>
    <releases relDir="package/rel/">
    <release name="xconfig_uartecho"
        pname="xconfig_uartecho.tar"
        label="default"
    >
        <file name="package/package.bld.xml"/>
        <file name="package/build.cfg"/>
        <file name="package/package.xdc.inc"/>
    </release>
    </releases>
    <repositories>
    </repositories>
</package>
